mapped_utc_ms,source_or_host_mono_ns,source_sample_id,sensor_voltage_V,load_equivalent_kgf,ADC_raw_count
1791590400000.0,104020089454711,0,0.0,0.0,32768
1791590400001.0,104020090454711,1,0.006283143965558951,0.006283143965558951,32774
1791590400001.9998,104020091454711,2,0.012566039883352607,0.012566039883352607,32780
1791590400003.0,104020092454711,3,0.018848439715408175,0.018848439715408175,32786
1791590400004.0,104020093454711,4,0.02513009544333748,0.02513009544333748,32793
1791590400005.0,104020094454711,5,0.03141075907812829,0.03141075907812829,32799
1791590400006.0002,104020095454711,6,0.03769018266993454,0.03769018266993454,32805
1791590400007.0,104020096454711,7,0.0439681183178649,0.0439681183178649,32811
1791590400008.0,104020097454711,8,0.050244318179769556,0.050244318179769556,32818
1791590400009.0,104020098454711,9,0.05651853448202452,0.05651853448202452,32824
1791590400009.9998,104020099454711,10,0.06279051952931337,0.06279051952931337,32830
1791590400011.0,104020100454711,11,0.06906002571440578,0.06906002571440578,32837
1791590400012.0,104020101454711,12,0.07532680552793272,0.07532680552793272,32843
1791590400013.0,104020102454711,13,0.08159061156815754,0.08159061156815754,32849
1791590400014.0002,104020103454711,14,0.08785119655074317,0.08785119655074317,32855
1791590400015.0,104020104454711,15,0.09410831331851431,0.09410831331851431,32862
1791590400016.0,104020105454711,16,0.1003617148512149,0.1003617148512149,32868
1791590400017.0,104020106454711,17,0.10661115427525991,0.10661115427525991,32874
1791590400017.9998,104020107454711,18,0.11285638487348167,0.11285638487348167,32880
1791590400019.0,104020108454711,19,0.11909716009486973,0.11909716009486973,32887
1791590400020.0,104020109454711,20,0.12533323356430426,0.12533323356430426,32893
1791590400021.0,104020110454711,21,0.1315643590922825,0.1315643590922825,32899
1791590400022.0002,104020111454711,22,0.13779029068463805,0.13779029068463805,32905
1791590400023.0,104020112454711,23,0.14401078255225216,0.14401078255225216,32912
1791590400024.0,104020113454711,24,0.15022558912075706,0.15022558912075706,32918
1791590400025.0,104020114454711,25,0.15643446504023087,0.15643446504023087,32924
1791590400025.9998,104020115454711,26,0.16263716519488358,0.16263716519488358,32930
1791590400027.0,104020116454711,27,0.16883344471273387,0.16883344471273387,32936
1791590400028.0,104020117454711,28,0.17502305897527604,0.17502305897527604,32943
1791590400029.0,104020118454711,29,0.18120576362713736,0.18120576362713736,32949
1791590400030.0002,104020119454711,30,0.1873813145857246,0.1873813145857246,32955
1791590400031.0,104020120454711,31,0.19354946805086023,0.19354946805086023,32961
1791590400032.0,104020121454711,32,0.19970998051440703,0.19970998051440703,32967
1791590400033.0,104020122454711,33,0.20586260876988133,0.20586260876988133,32973
1791590400033.9998,104020123454711,34,0.21200710992205463,0.21200710992205463,32980
1791590400035.0,104020124454711,35,0.21814324139654256,0.21814324139654256,32986
1791590400036.0,104020125454711,36,0.22427076094938114,0.22427076094938114,32992
1791590400037.0,104020126454711,37,0.23038942667659057,0.23038942667659057,32998
1791590400038.0002,104020127454711,38,0.23649899702372468,0.23649899702372468,33004
1791590400039.0,104020128454711,39,0.2425992307954074,0.2425992307954074,33010
1791590400040.0,104020129454711,40,0.2486898871648548,0.2486898871648548,33016
1791590400041.0,104020130454711,41,0.25477072568338216,0.25477072568338216,33022
1791590400041.9998,104020131454711,42,0.26084150628989694,0.26084150628989694,33028
1791590400043.0,104020132454711,43,0.2669019893203755,0.2669019893203755,33034
1791590400044.0,104020133454711,44,0.27295193551732516,0.27295193551732516,33040
1791590400045.0,104020134454711,45,0.2789911060392293,0.2789911060392293,33046
1791590400046.0002,104020135454711,46,0.2850192624699761,0.2850192624699761,33053
1791590400047.0,104020136454711,47,0.2910361668282718,0.2910361668282718,33059
1791590400048.0,104020137454711,48,0.2970415815770349,0.2970415815770349,33065
1791590400049.0,104020138454711,49,0.30303526963277394,0.30303526963277394,33071
1791590400049.9998,104020139454711,50,0.3090169943749474,0.3090169943749474,33077
1791590400051.0,104020140454711,51,0.3149865196553048,0.3149865196553048,33082
1791590400052.0,104020141454711,52,0.3209436098072095,0.3209436098072095,33088
1791590400053.0,104020142454711,53,0.32688802965494246,0.32688802965494246,33094
1791590400054.0002,104020143454711,54,0.3328195445229866,0.3328195445229866,33100
1791590400055.0,104020144454711,55,0.33873792024529137,0.33873792024529137,33106
1791590400056.0,104020145454711,56,0.34464292317451706,0.34464292317451706,33112
1791590400057.0,104020146454711,57,0.350534320191259,0.350534320191259,33118
1791590400057.9998,104020147454711,58,0.35641187871325075,0.35641187871325075,33124
1791590400059.0,104020148454711,59,0.36227536670454563,0.36227536670454563,33130
1791590400060.0,104020149454711,60,0.3681245526846779,0.3681245526846779,33136
1791590400061.0,104020150454711,61,0.3739592057378004,0.3739592057378004,33141
1791590400062.0002,104020151454711,62,0.37977909552180106,0.37977909552180106,33147
1791590400063.0,104020152454711,63,0.38558399227739654,0.38558399227739654,33153
1791590400064.0,104020153454711,64,0.3913736668372024,0.3913736668372024,33159
1791590400065.0,104020154454711,65,0.3971478906347806,0.3971478906347806,33165
1791590400065.9998,104020155454711,66,0.40290643571366264,0.40290643571366264,33170
1791590400067.0,104020156454711,67,0.40864907473634904,0.40864907473634904,33176
1791590400068.0,104020157454711,68,0.41437558099328414,0.41437558099328414,33182
1791590400069.0,104020158454711,69,0.42008572841180625,0.42008572841180625,33188
1791590400070.0002,104020159454711,70,0.4257792915650727,0.4257792915650727,33193
1791590400071.0,104020160454711,71,0.4314560456809589,0.4314560456809589,33199
1791590400072.0,104020161454711,72,0.4371157666509328,0.4371157666509328,33205
1791590400073.0,104020162454711,73,0.44275823103890144,0.44275823103890144,33210
1791590400073.9998,104020163454711,74,0.44838321609003223,0.44838321609003223,33216
1791590400075.0,104020164454711,75,0.45399049973954675,0.45399049973954675,33221
1791590400076.0,104020165454711,76,0.4595798606214878,0.4595798606214878,33227
1791590400077.0,104020166454711,77,0.4651510780774583,0.4651510780774583,33233
1791590400078.0002,104020167454711,78,0.4707039321653325,0.4707039321653325,33238
1791590400079.0,104020168454711,79,0.47623820366793906,0.47623820366793906,33244
1791590400080.0,104020169454711,80,0.4817536741017153,0.4817536741017153,33249
1791590400081.0,104020170454711,81,0.4872501257253323,0.4872501257253323,33255
1791590400081.9998,104020171454711,82,0.49272734154829156,0.49272734154829156,33260
1791590400083.0,104020172454711,83,0.4981851053394908,0.4981851053394908,33266
1791590400084.0,104020173454711,84,0.5036232016357608,0.5036232016357608,33271
1791590400085.0,104020174454711,85,0.5090414157503713,0.5090414157503713,33277
1791590400086.0002,104020175454711,86,0.5144395337815064,0.5144395337815064,33282
1791590400087.0,104020176454711,87,0.5198173426207094,0.5198173426207094,33287
1791590400088.0,104020177454711,88,0.5251746299612956,0.5251746299612956,33293
1791590400089.0,104020178454711,89,0.530511184306734,0.530511184306734,33298
1791590400089.9998,104020179454711,90,0.5358267949789967,0.5358267949789967,33303
1791590400091.0,104020180454711,91,0.5411212521268758,0.5411212521268758,33309
1791590400092.0,104020181454711,92,0.5463943467342691,0.5463943467342691,33314
1791590400093.0,104020182454711,93,0.5516458706284302,0.5516458706284302,33319
1791590400094.0002,104020183454711,94,0.556875616488188,0.556875616488188,33324
1791590400095.0,104020184454711,95,0.5620833778521306,0.5620833778521306,33330
1791590400096.0,104020185454711,96,0.5672689491267565,0.5672689491267565,33335
1791590400097.0,104020186454711,97,0.5724321255945909,0.5724321255945909,33340
1791590400097.9998,104020187454711,98,0.5775727034222676,0.5775727034222676,33345
1791590400099.0,104020188454711,99,0.5826904796685761,0.5826904796685761,33350
1791590400100.0,104020189454711,100,0.5877852522924731,0.5877852522924731,33355
1791590400101.0,104020190454711,101,0.5928568201610592,0.5928568201610592,33360
1791590400102.0002,104020191454711,102,0.5979049830575188,0.5979049830575188,33365
1791590400103.0,104020192454711,103,0.6029295416890247,0.6029295416890247,33370
1791590400104.0,104020193454711,104,0.6079302976946054,0.6079302976946054,33375
1791590400105.0,104020194454711,105,0.6129070536529764,0.6129070536529764,33380
1791590400105.9998,104020195454711,106,0.6178596130903343,0.6178596130903343,33385
1791590400107.0,104020196454711,107,0.6227877804881126,0.6227877804881126,33390
1791590400108.0,104020197454711,108,0.6276913612907005,0.6276913612907005,33395
1791590400109.0,104020198454711,109,0.6325701619131244,0.6325701619131244,33400
1791590400110.0002,104020199454711,110,0.6374239897486896,0.6374239897486896,33405
1791590400111.0,104020200454711,111,0.6422526531765844,0.6422526531765844,33410
1791590400112.0,104020201454711,112,0.6470559615694442,0.6470559615694442,33415
1791590400113.0,104020202454711,113,0.6518337253008788,0.6518337253008788,33419
1791590400113.9998,104020203454711,114,0.6565857557529565,0.6565857557529565,33424
1791590400115.0,104020204454711,115,0.6613118653236518,0.6613118653236518,33429
1791590400116.0,104020205454711,116,0.6660118674342517,0.6660118674342517,33434
1791590400117.0,104020206454711,117,0.67068557653672,0.67068557653672,33438
1791590400118.0002,104020207454711,118,0.6753328081210244,0.6753328081210244,33443
1791590400119.0,104020208454711,119,0.6799533787224192,0.6799533787224192,33447
1791590400120.0,104020209454711,120,0.6845471059286886,0.6845471059286886,33452
1791590400121.0,104020210454711,121,0.6891138083873485,0.6891138083873485,33457
1791590400121.9998,104020211454711,122,0.6936533058128049,0.6936533058128049,33461
1791590400123.0,104020212454711,123,0.6981654189934726,0.6981654189934726,33466
1791590400124.0,104020213454711,124,0.7026499697988492,0.7026499697988492,33470
1791590400125.0,104020214454711,125,0.7071067811865475,0.7071067811865475,33475
1791590400126.0002,104020215454711,126,0.7115356772092853,0.7115356772092853,33479
1791590400127.0,104020216454711,127,0.7159364830218311,0.7159364830218311,33483
1791590400128.0,104020217454711,128,0.7203090248879069,0.7203090248879069,33488
1791590400129.0,104020218454711,129,0.7246531301870466,0.7246531301870466,33492
1791590400129.9998,104020219454711,130,0.7289686274214116,0.7289686274214116,33496
1791590400131.0,104020220454711,131,0.73325534622256,0.73325534622256,33501
1791590400132.0,104020221454711,132,0.7375131173581739,0.7375131173581739,33505
1791590400133.0,104020222454711,133,0.7417417727387392,0.7417417727387392,33509
1791590400134.0002,104020223454711,134,0.7459411454241821,0.7459411454241821,33513
1791590400135.0,104020224454711,135,0.7501110696304596,0.7501110696304596,33518
1791590400136.0,104020225454711,136,0.7542513807361038,0.7542513807361038,33522
1791590400137.0,104020226454711,137,0.7583619152887219,0.7583619152887219,33526
1791590400137.9998,104020227454711,138,0.7624425110114479,0.7624425110114479,33530
1791590400139.0,104020228454711,139,0.7664930068093498,0.7664930068093498,33534
1791590400140.0,104020229454711,140,0.7705132427757893,0.7705132427757893,33538
1791590400141.0,104020230454711,141,0.7745030601987338,0.7745030601987338,33542
1791590400142.0002,104020231454711,142,0.7784623015670233,0.7784623015670233,33546
1791590400143.0,104020232454711,143,0.7823908105765881,0.7823908105765881,33550
1791590400144.0,104020233454711,144,0.7862884321366188,0.7862884321366188,33554
1791590400145.0,104020234454711,145,0.7901550123756903,0.7901550123756903,33558
1791590400145.9998,104020235454711,146,0.7939903986478353,0.7939903986478353,33561
1791590400147.0,104020236454711,147,0.797794439538571,0.797794439538571,33565
1791590400148.0,104020237454711,148,0.8015669848708765,0.8015669848708765,33569
1791590400149.0,104020238454711,149,0.8053078857111219,0.8053078857111219,33573
1791590400150.0002,104020239454711,150,0.8090169943749475,0.8090169943749475,33577
1791590400151.0,104020240454711,151,0.812694164433094,0.812694164433094,33580
1791590400152.0,104020241454711,152,0.8163392507171839,0.8163392507171839,33584
1791590400153.0,104020242454711,153,0.8199521093254523,0.8199521093254523,33587
1791590400153.9998,104020243454711,154,0.8235325976284275,0.8235325976284275,33591
1791590400155.0,104020244454711,155,0.8270805742745618,0.8270805742745618,33595
1791590400156.0,104020245454711,156,0.8305958991958126,0.8305958991958126,33598
1791590400157.0,104020246454711,157,0.8340784336131711,0.8340784336131711,33602
1791590400158.0002,104020247454711,158,0.8375280400421417,0.8375280400421417,33605
1791590400159.0,104020248454711,159,0.840944582298169,0.840944582298169,33608
1791590400160.0,104020249454711,160,0.8443279255020151,0.8443279255020151,33612
1791590400161.0,104020250454711,161,0.8476779360850831,0.8476779360850831,33615
1791590400161.9998,104020251454711,162,0.8509944817946918,0.8509944817946918,33618
1791590400163.0,104020252454711,163,0.8542774316992952,0.8542774316992952,33622
1791590400164.0,104020253454711,164,0.8575266561936523,0.8575266561936523,33625
1791590400165.0,104020254454711,165,0.8607420270039436,0.8607420270039436,33628
1791590400166.0002,104020255454711,166,0.8639234171928353,0.8639234171928353,33631
1791590400167.0,104020256454711,167,0.86707070116449,0.86707070116449,33635
1791590400168.0,104020257454711,168,0.8701837546695257,0.8701837546695257,33638
1791590400169.0,104020258454711,169,0.8732624548099202,0.8732624548099202,33641
1791590400169.9998,104020259454711,170,0.8763066800438637,0.8763066800438637,33644
1791590400171.0,104020260454711,171,0.8793163101905562,0.8793163101905562,33647
1791590400172.0,104020261454711,172,0.8822912264349532,0.8822912264349532,33650
1791590400173.0,104020262454711,173,0.8852313113324551,0.8852313113324551,33653
1791590400174.0002,104020263454711,174,0.8881364488135445,0.8881364488135445,33656
1791590400175.0,104020264454711,175,0.8910065241883678,0.8910065241883678,33659
1791590400176.0,104020265454711,176,0.8938414241512637,0.8938414241512637,33661
1791590400177.0,104020266454711,177,0.8966410367852358,0.8966410367852358,33664
1791590400177.9998,104020267454711,178,0.899405251566371,0.899405251566371,33667
1791590400179.0,104020268454711,179,0.9021339593682028,0.9021339593682028,33670
1791590400180.0,104020269454711,180,0.9048270524660196,0.9048270524660196,33672
1791590400181.0,104020270454711,181,0.9074844245411169,0.9074844245411169,33675
1791590400182.0002,104020271454711,182,0.9101059706849957,0.9101059706849957,33678
1791590400183.0,104020272454711,183,0.9126915874035028,0.9126915874035028,33680
1791590400184.0,104020273454711,184,0.9152411726209175,0.9152411726209175,33683
1791590400185.0,104020274454711,185,0.9177546256839811,0.9177546256839811,33685
1791590400185.9998,104020275454711,186,0.9202318473658703,0.9202318473658703,33688
1791590400187.0,104020276454711,187,0.9226727398701148,0.9226727398701148,33690
1791590400188.0,104020277454711,188,0.925077206834458,0.925077206834458,33693
1791590400189.0,104020278454711,189,0.9274451533346614,0.9274451533346614,33695
1791590400190.0002,104020279454711,190,0.9297764858882513,0.9297764858882513,33697
1791590400191.0,104020280454711,191,0.932071112458211,0.932071112458211,33700
1791590400192.0,104020281454711,192,0.934328942456612,0.934328942456612,33702
1791590400193.0,104020282454711,193,0.9365498867481924,0.9365498867481924,33704
1791590400193.9998,104020283454711,194,0.9387338576538741,0.9387338576538741,33706
1791590400195.0,104020284454711,195,0.9408807689542255,0.9408807689542255,33708
1791590400196.0,104020285454711,196,0.9429905358928644,0.9429905358928644,33710
1791590400197.0,104020286454711,197,0.9450630751798048,0.9450630751798048,33713
1791590400198.0002,104020287454711,198,0.9470983049947443,0.9470983049947443,33715
1791590400199.0,104020288454711,199,0.9490961449902946,0.9490961449902946,33717
1791590400200.0,104020289454711,200,0.9510565162951535,0.9510565162951535,33719
1791590400201.0,104020290454711,201,0.9529793415172189,0.9529793415172189,33720
1791590400201.9998,104020291454711,202,0.954864544746643,0.954864544746643,33722
1791590400203.0,104020292454711,203,0.9567120515588305,0.9567120515588305,33724
1791590400204.0,104020293454711,204,0.9585217890173758,0.9585217890173758,33726
1791590400205.0,104020294454711,205,0.960293685676943,0.960293685676943,33728
1791590400206.0002,104020295454711,206,0.9620276715860858,0.9620276715860858,33730
1791590400207.0,104020296454711,207,0.9637236782900097,0.9637236782900097,33731
1791590400208.0,104020297454711,208,0.9653816388332739,0.9653816388332739,33733
1791590400209.0,104020298454711,209,0.967001487762435,0.967001487762435,33735
1791590400209.9998,104020299454711,210,0.9685831611286311,0.9685831611286311,33736
1791590400211.0,104020300454711,211,0.9701265964901058,0.9701265964901058,33738
1791590400212.0,104020301454711,212,0.9716317329146739,0.9716317329146739,33739
1791590400213.0,104020302454711,213,0.9730985109821265,0.9730985109821265,33741
1791590400214.0002,104020303454711,214,0.9745268727865771,0.9745268727865771,33742
1791590400215.0,104020304454711,215,0.9759167619387473,0.9759167619387473,33743
1791590400216.0,104020305454711,216,0.9772681235681935,0.9772681235681935,33745
1791590400217.0,104020306454711,217,0.9785809043254721,0.9785809043254721,33746
1791590400217.9998,104020307454711,218,0.9798550523842469,0.9798550523842469,33747
1791590400219.0,104020308454711,219,0.9810905174433341,0.9810905174433341,33749
1791590400220.0,104020309454711,220,0.9822872507286886,0.9822872507286886,33750
1791590400221.0,104020310454711,221,0.9834452049953297,0.9834452049953297,33751
1791590400222.0002,104020311454711,222,0.9845643345292053,0.9845643345292053,33752
1791590400223.0,104020312454711,223,0.985644595148998,0.985644595148998,33753
1791590400224.0,104020313454711,224,0.986685944207868,0.986685944207868,33754
1791590400225.0,104020314454711,225,0.9876883405951378,0.9876883405951378,33755
1791590400225.9998,104020315454711,226,0.9886517447379141,0.9886517447379141,33756
1791590400227.0,104020316454711,227,0.9895761186026509,0.9895761186026509,33757
1791590400228.0,104020317454711,228,0.9904614256966512,0.9904614256966512,33758
1791590400229.0,104020318454711,229,0.9913076310695066,0.9913076310695066,33759
1791590400230.0002,104020319454711,230,0.9921147013144779,0.9921147013144779,33760
1791590400231.0,104020320454711,231,0.9928826045698137,0.9928826045698137,33760
1791590400232.0,104020321454711,232,0.9936113105200084,0.9936113105200084,33761
1791590400233.0,104020322454711,233,0.9943007903969989,0.9943007903969989,33762
1791590400233.9998,104020323454711,234,0.9949510169813002,0.9949510169813002,33762
1791590400235.0,104020324454711,235,0.99556196460308,0.99556196460308,33763
1791590400236.0,104020325454711,236,0.9961336091431725,0.9961336091431725,33764
1791590400237.0,104020326454711,237,0.9966659280340299,0.9966659280340299,33764
1791590400238.0002,104020327454711,238,0.9971589002606139,0.9971589002606139,33765
1791590400239.0,104020328454711,239,0.9976125063612252,0.9976125063612252,33765
1791590400240.0,104020329454711,240,0.9980267284282716,0.9980267284282716,33766
1791590400241.0,104020330454711,241,0.998401550108975,0.998401550108975,33766
1791590400241.9998,104020331454711,242,0.9987369566060175,0.9987369566060175,33766
1791590400243.0,104020332454711,243,0.9990329346781247,0.9990329346781247,33767
1791590400244.0,104020333454711,244,0.9992894726405892,0.9992894726405892,33767
1791590400245.0,104020334454711,245,0.9995065603657316,0.9995065603657316,33767
1791590400246.0002,104020335454711,246,0.9996841892832999,0.9996841892832999,33767
1791590400247.0,104020336454711,247,0.999822352380809,0.999822352380809,33767
1791590400248.0,104020337454711,248,0.9999210442038161,0.9999210442038161,33767
1791590400249.0,104020338454711,249,0.9999802608561371,0.9999802608561371,33767
1791590400249.9998,104020339454711,250,1.0,1.0,33768
1791590400251.0,104020340454711,251,0.9999802608561371,0.9999802608561371,33767
1791590400252.0,104020341454711,252,0.9999210442038161,0.9999210442038161,33767
1791590400253.0,104020342454711,253,0.999822352380809,0.999822352380809,33767
1791590400254.0002,104020343454711,254,0.9996841892832999,0.9996841892832999,33767
1791590400255.0,104020344454711,255,0.9995065603657316,0.9995065603657316,33767
1791590400256.0,104020345454711,256,0.9992894726405892,0.9992894726405892,33767
1791590400257.0,104020346454711,257,0.9990329346781247,0.9990329346781247,33767
1791590400257.9998,104020347454711,258,0.9987369566060175,0.9987369566060175,33766
1791590400259.0,104020348454711,259,0.998401550108975,0.998401550108975,33766
1791590400260.0,104020349454711,260,0.9980267284282716,0.9980267284282716,33766
1791590400261.0,104020350454711,261,0.9976125063612252,0.9976125063612252,33765
1791590400262.0002,104020351454711,262,0.9971589002606139,0.9971589002606139,33765
1791590400263.0,104020352454711,263,0.9966659280340299,0.9966659280340299,33764
1791590400264.0,104020353454711,264,0.9961336091431725,0.9961336091431725,33764
1791590400265.0,104020354454711,265,0.99556196460308,0.99556196460308,33763
1791590400265.9998,104020355454711,266,0.9949510169813002,0.9949510169813002,33762
1791590400267.0,104020356454711,267,0.9943007903969989,0.9943007903969989,33762
1791590400268.0,104020357454711,268,0.9936113105200084,0.9936113105200084,33761
1791590400269.0,104020358454711,269,0.9928826045698137,0.9928826045698137,33760
1791590400270.0002,104020359454711,270,0.9921147013144778,0.9921147013144778,33760
1791590400271.0,104020360454711,271,0.9913076310695066,0.9913076310695066,33759
1791590400272.0,104020361454711,272,0.9904614256966512,0.9904614256966512,33758
1791590400273.0,104020362454711,273,0.9895761186026509,0.9895761186026509,33757
1791590400273.9998,104020363454711,274,0.988651744737914,0.988651744737914,33756
1791590400275.0,104020364454711,275,0.9876883405951377,0.9876883405951377,33755
1791590400276.0,104020365454711,276,0.986685944207868,0.986685944207868,33754
1791590400277.0,104020366454711,277,0.985644595148998,0.985644595148998,33753
1791590400278.0002,104020367454711,278,0.9845643345292053,0.9845643345292053,33752
1791590400279.0,104020368454711,279,0.9834452049953296,0.9834452049953296,33751
1791590400280.0,104020369454711,280,0.9822872507286886,0.9822872507286886,33750
1791590400281.0,104020370454711,281,0.9810905174433341,0.9810905174433341,33749
1791590400281.9998,104020371454711,282,0.9798550523842469,0.9798550523842469,33747
1791590400283.0,104020372454711,283,0.9785809043254722,0.9785809043254722,33746
1791590400284.0,104020373454711,284,0.9772681235681935,0.9772681235681935,33745
1791590400285.0,104020374454711,285,0.9759167619387474,0.9759167619387474,33743
1791590400286.0002,104020375454711,286,0.9745268727865772,0.9745268727865772,33742
1791590400287.0,104020376454711,287,0.9730985109821266,0.9730985109821266,33741
1791590400288.0,104020377454711,288,0.971631732914674,0.971631732914674,33739
1791590400289.0,104020378454711,289,0.9701265964901059,0.9701265964901059,33738
1791590400289.9998,104020379454711,290,0.9685831611286312,0.9685831611286312,33736
1791590400291.0,104020380454711,291,0.9670014877624351,0.9670014877624351,33735
1791590400292.0,104020381454711,292,0.965381638833274,0.965381638833274,33733
1791590400293.0,104020382454711,293,0.9637236782900098,0.9637236782900098,33731
1791590400294.0002,104020383454711,294,0.9620276715860859,0.9620276715860859,33730
1791590400295.0,104020384454711,295,0.9602936856769431,0.9602936856769431,33728
1791590400296.0,104020385454711,296,0.958521789017376,0.958521789017376,33726
1791590400297.0,104020386454711,297,0.9567120515588305,0.9567120515588305,33724
1791590400297.9998,104020387454711,298,0.9548645447466431,0.9548645447466431,33722
1791590400299.0,104020388454711,299,0.9529793415172189,0.9529793415172189,33720
1791590400300.0,104020389454711,300,0.9510565162951536,0.9510565162951536,33719
