mapped_utc_ms,source_or_host_mono_ns,source_sample_id,acceleration_including_gravity_x_g,acceleration_including_gravity_y_g,acceleration_including_gravity_z_g,angular_velocity_x_deg_s,angular_velocity_y_deg_s,angular_velocity_z_deg_s,orientation_roll_deg,orientation_pitch_deg,orientation_yaw_deg,reference_relative_roll_deg,reference_relative_pitch_deg,reference_relative_yaw_deg,reference_id,reference_valid,host_read_duration_ms,repeated_register_block
1791590400000.0,104020089454711,0,0.0,0.0,0.0,0.0,0.0,0.0,0.0,0.0,0.0,0.0,0.0,0.0,0,0,0.8,0
1791590400005.0,104020094454711,1,0.03141075907812829,0.03141075907812829,0.03141075907812829,0.03141075907812829,0.03141075907812829,0.03141075907812829,0.03141075907812829,0.03141075907812829,0.03141075907812829,0.03141075907812829,0.03141075907812829,0.03141075907812829,0,0,0.8,0
1791590400009.9998,104020099454711,2,0.06279051952931337,0.06279051952931337,0.06279051952931337,0.06279051952931337,0.06279051952931337,0.06279051952931337,0.06279051952931337,0.06279051952931337,0.06279051952931337,0.06279051952931337,0.06279051952931337,0.06279051952931337,0,0,0.8,0
1791590400015.0,104020104454711,3,0.09410831331851431,0.09410831331851431,0.09410831331851431,0.09410831331851431,0.09410831331851431,0.09410831331851431,0.09410831331851431,0.09410831331851431,0.09410831331851431,0.09410831331851431,0.09410831331851431,0.09410831331851431,0,0,0.8,0
1791590400020.0,104020109454711,4,0.12533323356430426,0.12533323356430426,0.12533323356430426,0.12533323356430426,0.12533323356430426,0.12533323356430426,0.12533323356430426,0.12533323356430426,0.12533323356430426,0.12533323356430426,0.12533323356430426,0.12533323356430426,0,0,0.8,0
1791590400025.0,104020114454711,5,0.15643446504023087,0.15643446504023087,0.15643446504023087,0.15643446504023087,0.15643446504023087,0.15643446504023087,0.15643446504023087,0.15643446504023087,0.15643446504023087,0.15643446504023087,0.15643446504023087,0.15643446504023087,0,0,0.8,0
1791590400030.0002,104020119454711,6,0.1873813145857246,0.1873813145857246,0.1873813145857246,0.1873813145857246,0.1873813145857246,0.1873813145857246,0.1873813145857246,0.1873813145857246,0.1873813145857246,0.1873813145857246,0.1873813145857246,0.1873813145857246,0,0,0.8,0
1791590400035.0,104020124454711,7,0.21814324139654256,0.21814324139654256,0.21814324139654256,0.21814324139654256,0.21814324139654256,0.21814324139654256,0.21814324139654256,0.21814324139654256,0.21814324139654256,0.21814324139654256,0.21814324139654256,0.21814324139654256,0,0,0.8,0
1791590400040.0,104020129454711,8,0.2486898871648548,0.2486898871648548,0.2486898871648548,0.2486898871648548,0.2486898871648548,0.2486898871648548,0.2486898871648548,0.2486898871648548,0.2486898871648548,0.2486898871648548,0.2486898871648548,0.2486898871648548,0,0,0.8,0
1791590400045.0,104020134454711,9,0.2789911060392293,0.2789911060392293,0.2789911060392293,0.2789911060392293,0.2789911060392293,0.2789911060392293,0.2789911060392293,0.2789911060392293,0.2789911060392293,0.2789911060392293,0.2789911060392293,0.2789911060392293,0,0,0.8,0
1791590400049.9998,104020139454711,10,0.3090169943749474,0.3090169943749474,0.3090169943749474,0.3090169943749474,0.3090169943749474,0.3090169943749474,0.3090169943749474,0.3090169943749474,0.3090169943749474,0.3090169943749474,0.3090169943749474,0.3090169943749474,0,0,0.8,0
1791590400055.0,104020144454711,11,0.33873792024529137,0.33873792024529137,0.33873792024529137,0.33873792024529137,0.33873792024529137,0.33873792024529137,0.33873792024529137,0.33873792024529137,0.33873792024529137,0.33873792024529137,0.33873792024529137,0.33873792024529137,0,0,0.8,0
1791590400060.0,104020149454711,12,0.3681245526846779,0.3681245526846779,0.3681245526846779,0.3681245526846779,0.3681245526846779,0.3681245526846779,0.3681245526846779,0.3681245526846779,0.3681245526846779,0.3681245526846779,0.3681245526846779,0.3681245526846779,0,0,0.8,0
1791590400065.0,104020154454711,13,0.3971478906347806,0.3971478906347806,0.3971478906347806,0.3971478906347806,0.3971478906347806,0.3971478906347806,0.3971478906347806,0.3971478906347806,0.3971478906347806,0.3971478906347806,0.3971478906347806,0.3971478906347806,0,0,0.8,0
1791590400070.0002,104020159454711,14,0.4257792915650727,0.4257792915650727,0.4257792915650727,0.4257792915650727,0.4257792915650727,0.4257792915650727,0.4257792915650727,0.4257792915650727,0.4257792915650727,0.4257792915650727,0.4257792915650727,0.4257792915650727,0,0,0.8,0
1791590400075.0,104020164454711,15,0.45399049973954675,0.45399049973954675,0.45399049973954675,0.45399049973954675,0.45399049973954675,0.45399049973954675,0.45399049973954675,0.45399049973954675,0.45399049973954675,0.45399049973954675,0.45399049973954675,0.45399049973954675,0,0,0.8,0
1791590400080.0,104020169454711,16,0.4817536741017153,0.4817536741017153,0.4817536741017153,0.4817536741017153,0.4817536741017153,0.4817536741017153,0.4817536741017153,0.4817536741017153,0.4817536741017153,0.4817536741017153,0.4817536741017153,0.4817536741017153,0,0,0.8,0
1791590400085.0,104020174454711,17,0.5090414157503713,0.5090414157503713,0.5090414157503713,0.5090414157503713,0.5090414157503713,0.5090414157503713,0.5090414157503713,0.5090414157503713,0.5090414157503713,0.5090414157503713,0.5090414157503713,0.5090414157503713,0,0,0.8,0
1791590400089.9998,104020179454711,18,0.5358267949789967,0.5358267949789967,0.5358267949789967,0.5358267949789967,0.5358267949789967,0.5358267949789967,0.5358267949789967,0.5358267949789967,0.5358267949789967,0.5358267949789967,0.5358267949789967,0.5358267949789967,0,0,0.8,0
1791590400095.0,104020184454711,19,0.5620833778521306,0.5620833778521306,0.5620833778521306,0.5620833778521306,0.5620833778521306,0.5620833778521306,0.5620833778521306,0.5620833778521306,0.5620833778521306,0.5620833778521306,0.5620833778521306,0.5620833778521306,0,0,0.8,0
1791590400100.0,104020189454711,20,0.5877852522924731,0.5877852522924731,0.5877852522924731,0.5877852522924731,0.5877852522924731,0.5877852522924731,0.5877852522924731,0.5877852522924731,0.5877852522924731,0.5877852522924731,0.5877852522924731,0.5877852522924731,0,0,0.8,0
1791590400105.0,104020194454711,21,0.6129070536529764,0.6129070536529764,0.6129070536529764,0.6129070536529764,0.6129070536529764,0.6129070536529764,0.6129070536529764,0.6129070536529764,0.6129070536529764,0.6129070536529764,0.6129070536529764,0.6129070536529764,0,0,0.8,0
1791590400110.0002,104020199454711,22,0.6374239897486896,0.6374239897486896,0.6374239897486896,0.6374239897486896,0.6374239897486896,0.6374239897486896,0.6374239897486896,0.6374239897486896,0.6374239897486896,0.6374239897486896,0.6374239897486896,0.6374239897486896,0,0,0.8,0
1791590400115.0,104020204454711,23,0.6613118653236518,0.6613118653236518,0.6613118653236518,0.6613118653236518,0.6613118653236518,0.6613118653236518,0.6613118653236518,0.6613118653236518,0.6613118653236518,0.6613118653236518,0.6613118653236518,0.6613118653236518,0,0,0.8,0
1791590400120.0,104020209454711,24,0.6845471059286886,0.6845471059286886,0.6845471059286886,0.6845471059286886,0.6845471059286886,0.6845471059286886,0.6845471059286886,0.6845471059286886,0.6845471059286886,0.6845471059286886,0.6845471059286886,0.6845471059286886,0,0,0.8,0
1791590400125.0,104020214454711,25,0.7071067811865475,0.7071067811865475,0.7071067811865475,0.7071067811865475,0.7071067811865475,0.7071067811865475,0.7071067811865475,0.7071067811865475,0.7071067811865475,0.7071067811865475,0.7071067811865475,0.7071067811865475,0,0,0.8,0
1791590400129.9998,104020219454711,26,0.7289686274214116,0.7289686274214116,0.7289686274214116,0.7289686274214116,0.7289686274214116,0.7289686274214116,0.7289686274214116,0.7289686274214116,0.7289686274214116,0.7289686274214116,0.7289686274214116,0.7289686274214116,0,0,0.8,0
1791590400135.0,104020224454711,27,0.7501110696304596,0.7501110696304596,0.7501110696304596,0.7501110696304596,0.7501110696304596,0.7501110696304596,0.7501110696304596,0.7501110696304596,0.7501110696304596,0.7501110696304596,0.7501110696304596,0.7501110696304596,0,0,0.8,0
1791590400140.0,104020229454711,28,0.7705132427757893,0.7705132427757893,0.7705132427757893,0.7705132427757893,0.7705132427757893,0.7705132427757893,0.7705132427757893,0.7705132427757893,0.7705132427757893,0.7705132427757893,0.7705132427757893,0.7705132427757893,0,0,0.8,0
1791590400145.0,104020234454711,29,0.7901550123756903,0.7901550123756903,0.7901550123756903,0.7901550123756903,0.7901550123756903,0.7901550123756903,0.7901550123756903,0.7901550123756903,0.7901550123756903,0.7901550123756903,0.7901550123756903,0.7901550123756903,0,0,0.8,0
1791590400150.0002,104020239454711,30,0.8090169943749475,0.8090169943749475,0.8090169943749475,0.8090169943749475,0.8090169943749475,0.8090169943749475,0.8090169943749475,0.8090169943749475,0.8090169943749475,0.8090169943749475,0.8090169943749475,0.8090169943749475,0,0,0.8,0
1791590400155.0,104020244454711,31,0.8270805742745618,0.8270805742745618,0.8270805742745618,0.8270805742745618,0.8270805742745618,0.8270805742745618,0.8270805742745618,0.8270805742745618,0.8270805742745618,0.8270805742745618,0.8270805742745618,0.8270805742745618,0,0,0.8,0
1791590400160.0,104020249454711,32,0.8443279255020151,0.8443279255020151,0.8443279255020151,0.8443279255020151,0.8443279255020151,0.8443279255020151,0.8443279255020151,0.8443279255020151,0.8443279255020151,0.8443279255020151,0.8443279255020151,0.8443279255020151,0,0,0.8,0
1791590400165.0,104020254454711,33,0.8607420270039436,0.8607420270039436,0.8607420270039436,0.8607420270039436,0.8607420270039436,0.8607420270039436,0.8607420270039436,0.8607420270039436,0.8607420270039436,0.8607420270039436,0.8607420270039436,0.8607420270039436,0,0,0.8,0
1791590400169.9998,104020259454711,34,0.8763066800438637,0.8763066800438637,0.8763066800438637,0.8763066800438637,0.8763066800438637,0.8763066800438637,0.8763066800438637,0.8763066800438637,0.8763066800438637,0.8763066800438637,0.8763066800438637,0.8763066800438637,0,0,0.8,0
1791590400175.0,104020264454711,35,0.8910065241883678,0.8910065241883678,0.8910065241883678,0.8910065241883678,0.8910065241883678,0.8910065241883678,0.8910065241883678,0.8910065241883678,0.8910065241883678,0.8910065241883678,0.8910065241883678,0.8910065241883678,0,0,0.8,0
1791590400180.0,104020269454711,36,0.9048270524660196,0.9048270524660196,0.9048270524660196,0.9048270524660196,0.9048270524660196,0.9048270524660196,0.9048270524660196,0.9048270524660196,0.9048270524660196,0.9048270524660196,0.9048270524660196,0.9048270524660196,0,0,0.8,0
1791590400185.0,104020274454711,37,0.9177546256839811,0.9177546256839811,0.9177546256839811,0.9177546256839811,0.9177546256839811,0.9177546256839811,0.9177546256839811,0.9177546256839811,0.9177546256839811,0.9177546256839811,0.9177546256839811,0.9177546256839811,0,0,0.8,0
1791590400190.0002,104020279454711,38,0.9297764858882513,0.9297764858882513,0.9297764858882513,0.9297764858882513,0.9297764858882513,0.9297764858882513,0.9297764858882513,0.9297764858882513,0.9297764858882513,0.9297764858882513,0.9297764858882513,0.9297764858882513,0,0,0.8,0
1791590400195.0,104020284454711,39,0.9408807689542255,0.9408807689542255,0.9408807689542255,0.9408807689542255,0.9408807689542255,0.9408807689542255,0.9408807689542255,0.9408807689542255,0.9408807689542255,0.9408807689542255,0.9408807689542255,0.9408807689542255,0,0,0.8,0
1791590400200.0,104020289454711,40,0.9510565162951535,0.9510565162951535,0.9510565162951535,0.9510565162951535,0.9510565162951535,0.9510565162951535,0.9510565162951535,0.9510565162951535,0.9510565162951535,0.9510565162951535,0.9510565162951535,0.9510565162951535,0,0,0.8,0
1791590400205.0,104020294454711,41,0.960293685676943,0.960293685676943,0.960293685676943,0.960293685676943,0.960293685676943,0.960293685676943,0.960293685676943,0.960293685676943,0.960293685676943,0.960293685676943,0.960293685676943,0.960293685676943,0,0,0.8,0
1791590400209.9998,104020299454711,42,0.9685831611286311,0.9685831611286311,0.9685831611286311,0.9685831611286311,0.9685831611286311,0.9685831611286311,0.9685831611286311,0.9685831611286311,0.9685831611286311,0.9685831611286311,0.9685831611286311,0.9685831611286311,0,0,0.8,0
1791590400215.0,104020304454711,43,0.9759167619387473,0.9759167619387473,0.9759167619387473,0.9759167619387473,0.9759167619387473,0.9759167619387473,0.9759167619387473,0.9759167619387473,0.9759167619387473,0.9759167619387473,0.9759167619387473,0.9759167619387473,0,0,0.8,0
1791590400220.0,104020309454711,44,0.9822872507286886,0.9822872507286886,0.9822872507286886,0.9822872507286886,0.9822872507286886,0.9822872507286886,0.9822872507286886,0.9822872507286886,0.9822872507286886,0.9822872507286886,0.9822872507286886,0.9822872507286886,0,0,0.8,0
1791590400225.0,104020314454711,45,0.9876883405951378,0.9876883405951378,0.9876883405951378,0.9876883405951378,0.9876883405951378,0.9876883405951378,0.9876883405951378,0.9876883405951378,0.9876883405951378,0.9876883405951378,0.9876883405951378,0.9876883405951378,0,0,0.8,0
1791590400230.0002,104020319454711,46,0.9921147013144779,0.9921147013144779,0.9921147013144779,0.9921147013144779,0.9921147013144779,0.9921147013144779,0.9921147013144779,0.9921147013144779,0.9921147013144779,0.9921147013144779,0.9921147013144779,0.9921147013144779,0,0,0.8,0
1791590400235.0,104020324454711,47,0.99556196460308,0.99556196460308,0.99556196460308,0.99556196460308,0.99556196460308,0.99556196460308,0.99556196460308,0.99556196460308,0.99556196460308,0.99556196460308,0.99556196460308,0.99556196460308,0,0,0.8,0
1791590400240.0,104020329454711,48,0.9980267284282716,0.9980267284282716,0.9980267284282716,0.9980267284282716,0.9980267284282716,0.9980267284282716,0.9980267284282716,0.9980267284282716,0.9980267284282716,0.9980267284282716,0.9980267284282716,0.9980267284282716,0,0,0.8,0
1791590400245.0,104020334454711,49,0.9995065603657316,0.9995065603657316,0.9995065603657316,0.9995065603657316,0.9995065603657316,0.9995065603657316,0.9995065603657316,0.9995065603657316,0.9995065603657316,0.9995065603657316,0.9995065603657316,0.9995065603657316,0,0,0.8,0
1791590400249.9998,104020339454711,50,1.0,1.0,1.0,1.0,1.0,1.0,1.0,1.0,1.0,1.0,1.0,1.0,0,0,0.8,0
1791590400255.0,104020344454711,51,0.9995065603657316,0.9995065603657316,0.9995065603657316,0.9995065603657316,0.9995065603657316,0.9995065603657316,0.9995065603657316,0.9995065603657316,0.9995065603657316,0.9995065603657316,0.9995065603657316,0.9995065603657316,0,0,0.8,0
1791590400260.0,104020349454711,52,0.9980267284282716,0.9980267284282716,0.9980267284282716,0.9980267284282716,0.9980267284282716,0.9980267284282716,0.9980267284282716,0.9980267284282716,0.9980267284282716,0.9980267284282716,0.9980267284282716,0.9980267284282716,0,0,0.8,0
1791590400265.0,104020354454711,53,0.99556196460308,0.99556196460308,0.99556196460308,0.99556196460308,0.99556196460308,0.99556196460308,0.99556196460308,0.99556196460308,0.99556196460308,0.99556196460308,0.99556196460308,0.99556196460308,0,0,0.8,0
1791590400270.0002,104020359454711,54,0.9921147013144778,0.9921147013144778,0.9921147013144778,0.9921147013144778,0.9921147013144778,0.9921147013144778,0.9921147013144778,0.9921147013144778,0.9921147013144778,0.9921147013144778,0.9921147013144778,0.9921147013144778,0,0,0.8,0
1791590400275.0,104020364454711,55,0.9876883405951377,0.9876883405951377,0.9876883405951377,0.9876883405951377,0.9876883405951377,0.9876883405951377,0.9876883405951377,0.9876883405951377,0.9876883405951377,0.9876883405951377,0.9876883405951377,0.9876883405951377,0,0,0.8,0
1791590400280.0,104020369454711,56,0.9822872507286886,0.9822872507286886,0.9822872507286886,0.9822872507286886,0.9822872507286886,0.9822872507286886,0.9822872507286886,0.9822872507286886,0.9822872507286886,0.9822872507286886,0.9822872507286886,0.9822872507286886,0,0,0.8,0
1791590400285.0,104020374454711,57,0.9759167619387474,0.9759167619387474,0.9759167619387474,0.9759167619387474,0.9759167619387474,0.9759167619387474,0.9759167619387474,0.9759167619387474,0.9759167619387474,0.9759167619387474,0.9759167619387474,0.9759167619387474,0,0,0.8,0
1791590400289.9998,104020379454711,58,0.9685831611286312,0.9685831611286312,0.9685831611286312,0.9685831611286312,0.9685831611286312,0.9685831611286312,0.9685831611286312,0.9685831611286312,0.9685831611286312,0.9685831611286312,0.9685831611286312,0.9685831611286312,0,0,0.8,0
1791590400295.0,104020384454711,59,0.9602936856769431,0.9602936856769431,0.9602936856769431,0.9602936856769431,0.9602936856769431,0.9602936856769431,0.9602936856769431,0.9602936856769431,0.9602936856769431,0.9602936856769431,0.9602936856769431,0.9602936856769431,0,0,0.8,0
1791590400300.0,104020389454711,60,0.9510565162951536,0.9510565162951536,0.9510565162951536,0.9510565162951536,0.9510565162951536,0.9510565162951536,0.9510565162951536,0.9510565162951536,0.9510565162951536,0.9510565162951536,0.9510565162951536,0.9510565162951536,0,0,0.8,0
