mapped_utc_ms,source_or_host_mono_ns,source_sample_id,scan_point_count,nonzero_point_count,bad_packet_count,reported_scan_rate_Hz
1791590400000.0,96896227706220,0,0.0,0.0,0.0,0.0
1791590400020.0,96896247706220,1,0.12533323356430426,0.12533323356430426,0.12533323356430426,0.12533323356430426
1791590400040.0,96896267706220,2,0.2486898871648548,0.2486898871648548,0.2486898871648548,0.2486898871648548
1791590400060.0,96896287706220,3,0.3681245526846779,0.3681245526846779,0.3681245526846779,0.3681245526846779
1791590400080.0,96896307706220,4,0.4817536741017153,0.4817536741017153,0.4817536741017153,0.4817536741017153
1791590400100.0,96896327706220,5,0.5877852522924731,0.5877852522924731,0.5877852522924731,0.5877852522924731
1791590400120.0,96896347706220,6,0.6845471059286886,0.6845471059286886,0.6845471059286886,0.6845471059286886
1791590400140.0,96896367706220,7,0.7705132427757893,0.7705132427757893,0.7705132427757893,0.7705132427757893
1791590400160.0,96896387706220,8,0.8443279255020151,0.8443279255020151,0.8443279255020151,0.8443279255020151
1791590400180.0,96896407706220,9,0.9048270524660196,0.9048270524660196,0.9048270524660196,0.9048270524660196
1791590400200.0,96896427706220,10,0.9510565162951535,0.9510565162951535,0.9510565162951535,0.9510565162951535
1791590400220.0,96896447706220,11,0.9822872507286886,0.9822872507286886,0.9822872507286886,0.9822872507286886
1791590400240.0,96896467706220,12,0.9980267284282716,0.9980267284282716,0.9980267284282716,0.9980267284282716
1791590400260.0,96896487706220,13,0.9980267284282716,0.9980267284282716,0.9980267284282716,0.9980267284282716
1791590400280.0,96896507706220,14,0.9822872507286886,0.9822872507286886,0.9822872507286886,0.9822872507286886
1791590400300.0,96896527706220,15,0.9510565162951536,0.9510565162951536,0.9510565162951536,0.9510565162951536
