mapped_utc_ms,source_or_host_mono_ns,source_sample_id,resampled_input_V,baseline_corrected_envelope_V,MVC_normalized_ratio,source_valid
1791590400000.0,96896227706220,0,0.0,0.0004,0.2,1
1791590400001.0,96896228706220,1,0.0003090169943749474,0.0004,0.2,1
1791590400001.9998,96896229706220,2,0.0005877852522924731,0.0004,0.2,1
1791590400003.0,96896230706220,3,0.0008090169943749475,0.0004,0.2,1
1791590400004.0,96896231706220,4,0.0009510565162951536,0.0004,0.2,1
1791590400005.0,96896232706220,5,0.001,0.0004,0.2,1
1791590400006.0002,96896233706220,6,0.0009510565162951537,0.0004,0.2,1
1791590400007.0,96896234706220,7,0.0008090169943749475,0.0004,0.2,1
1791590400008.0,96896235706220,8,0.0005877852522924732,0.0004,0.2,1
1791590400009.0,96896236706220,9,0.00030901699437494795,0.0004,0.2,1
1791590400009.9998,96896237706220,10,-3.2162452993532734e-19,0.0004,0.2,1
1791590400011.0,96896238706220,11,-0.0003090169943749469,0.0004,0.2,1
1791590400012.0,96896239706220,12,-0.000587785252292473,0.0004,0.2,1
1791590400013.0,96896240706220,13,-0.0008090169943749474,0.0004,0.2,1
1791590400014.0002,96896241706220,14,-0.0009510565162951536,0.0004,0.2,1
1791590400015.0,96896242706220,15,-0.001,0.0004,0.2,1
1791590400016.0,96896243706220,16,-0.0009510565162951537,0.0004,0.2,1
1791590400017.0,96896244706220,17,-0.0008090169943749476,0.0004,0.2,1
1791590400017.9998,96896245706220,18,-0.0005877852522924741,0.0004,0.2,1
1791590400019.0,96896246706220,19,-0.00030901699437494763,0.0004,0.2,1
1791590400020.0,96896247706220,20,6.432490598706547e-19,0.0004,0.2,1
1791590400021.0,96896248706220,21,0.0003090169943749472,0.0004,0.2,1
1791590400022.0002,96896249706220,22,0.0005877852522924721,0.0004,0.2,1
1791590400023.0,96896250706220,23,0.0008090169943749473,0.0004,0.2,1
1791590400024.0,96896251706220,24,0.0009510565162951536,0.0004,0.2,1
1791590400025.0,96896252706220,25,0.001,0.0004,0.2,1
1791590400025.9998,96896253706220,26,0.0009510565162951537,0.0004,0.2,1
1791590400027.0,96896254706220,27,0.0008090169943749477,0.0004,0.2,1
1791590400028.0,96896255706220,28,0.0005877852522924733,0.0004,0.2,1
1791590400029.0,96896256706220,29,0.00030901699437494606,0.0004,0.2,1
1791590400030.0002,96896257706220,30,3.6739403974420597e-19,0.0004,0.2,1
1791590400031.0,96896258706220,31,-0.0003090169943749471,0.0004,0.2,1
1791590400032.0,96896259706220,32,-0.0005877852522924728,0.0004,0.2,1
1791590400033.0,96896260706220,33,-0.0008090169943749473,0.0004,0.2,1
1791590400033.9998,96896261706220,34,-0.0009510565162951535,0.0004,0.2,1
1791590400035.0,96896262706220,35,-0.001,0.0004,0.2,1
1791590400036.0,96896263706220,36,-0.0009510565162951543,0.0004,0.2,1
1791590400037.0,96896264706220,37,-0.0008090169943749477,0.0004,0.2,1
1791590400038.0002,96896265706220,38,-0.0005877852522924734,0.0004,0.2,1
1791590400039.0,96896266706220,39,-0.0003090169943749479,0.0004,0.2,1
1791590400040.0,96896267706220,40,1.2864981197413093e-18,0.0004,0.2,1
1791590400041.0,96896268706220,41,0.0003090169943749486,0.0004,0.2,1
1791590400041.9998,96896269706220,42,0.0005877852522924727,0.0004,0.2,1
1791590400043.0,96896270706220,43,0.0008090169943749462,0.0004,0.2,1
1791590400044.0,96896271706220,44,0.0009510565162951529,0.0004,0.2,1
1791590400045.0,96896272706220,45,0.001,0.0004,0.2,1
1791590400046.0002,96896273706220,46,0.0009510565162951538,0.0004,0.2,1
1791590400047.0,96896274706220,47,0.0008090169943749478,0.0004,0.2,1
1791590400048.0,96896275706220,48,0.0005877852522924735,0.0004,0.2,1
1791590400049.0,96896276706220,49,0.000309016994374948,0.0004,0.2,1
1791590400049.9998,96896277706220,50,6.123233995736766e-19,0.0004,0.2,1
1791590400051.0,96896278706220,51,-0.00030901699437494513,0.0004,0.2,1
1791590400052.0,96896279706220,52,-0.0005877852522924726,0.0004,0.2,1
1791590400053.0,96896280706220,53,-0.0008090169943749461,0.0004,0.2,1
1791590400054.0002,96896281706220,54,-0.0009510565162951535,0.0004,0.2,1
1791590400055.0,96896282706220,55,-0.001,0.0004,0.2,1
1791590400056.0,96896283706220,56,-0.0009510565162951538,0.0004,0.2,1
1791590400057.0,96896284706220,57,-0.0008090169943749468,0.0004,0.2,1
1791590400057.9998,96896285706220,58,-0.0005877852522924708,0.0004,0.2,1
1791590400059.0,96896286706220,59,-0.0003090169943749498,0.0004,0.2,1
1791590400060.0,96896287706220,60,-7.347880794884119e-19,0.0004,0.2,1
1791590400061.0,96896288706220,61,0.000309016994374945,0.0004,0.2,1
1791590400062.0002,96896289706220,62,0.0005877852522924725,0.0004,0.2,1
1791590400063.0,96896290706220,63,0.000809016994374948,0.0004,0.2,1
1791590400064.0,96896291706220,64,0.0009510565162951534,0.0004,0.2,1
1791590400065.0,96896292706220,65,0.001,0.0004,0.2,1
1791590400065.9998,96896293706220,66,0.0009510565162951539,0.0004,0.2,1
1791590400067.0,96896294706220,67,0.0008090169943749469,0.0004,0.2,1
1791590400068.0,96896295706220,68,0.0005877852522924738,0.0004,0.2,1
1791590400069.0,96896296706220,69,0.00030901699437494654,0.0004,0.2,1
1791590400070.0002,96896297706220,70,-2.6954609193973537e-18,0.0004,0.2,1
1791590400071.0,96896298706220,71,-0.0003090169943749449,0.0004,0.2,1
1791590400072.0,96896299706220,72,-0.0005877852522924696,0.0004,0.2,1
1791590400073.0,96896300706220,73,-0.000809016994374946,0.0004,0.2,1
1791590400073.9998,96896301706220,74,-0.0009510565162951534,0.0004,0.2,1
1791590400075.0,96896302706220,75,-0.001,0.0004,0.2,1
1791590400076.0,96896303706220,76,-0.0009510565162951539,0.0004,0.2,1
1791590400077.0,96896304706220,77,-0.000809016994374949,0.0004,0.2,1
1791590400078.0002,96896305706220,78,-0.000587785252292474,0.0004,0.2,1
1791590400079.0,96896306706220,79,-0.00030901699437495007,0.0004,0.2,1
1791590400080.0,96896307706220,80,2.5729962394826187e-18,0.0004,0.2,1
1791590400081.0,96896308706220,81,0.0003090169943749448,0.0004,0.2,1
1791590400081.9998,96896309706220,82,0.0005877852522924752,0.0004,0.2,1
1791590400083.0,96896310706220,83,0.0008090169943749458,0.0004,0.2,1
1791590400084.0,96896311706220,84,0.0009510565162951534,0.0004,0.2,1
1791590400085.0,96896312706220,85,0.001,0.0004,0.2,1
1791590400086.0002,96896313706220,86,0.000951056516295155,0.0004,0.2,1
1791590400087.0,96896314706220,87,0.0008090169943749491,0.0004,0.2,1
1791590400088.0,96896315706220,88,0.0005877852522924769,0.0004,0.2,1
1791590400089.0,96896316706220,89,0.0003090169943749502,0.0004,0.2,1
1791590400089.9998,96896317706220,90,1.102182119232618e-18,0.0004,0.2,1
1791590400091.0,96896318706220,91,-0.0003090169943749447,0.0004,0.2,1
1791590400092.0,96896319706220,92,-0.0005877852522924722,0.0004,0.2,1
1791590400093.0,96896320706220,93,-0.0008090169943749457,0.0004,0.2,1
1791590400094.0002,96896321706220,94,-0.0009510565162951533,0.0004,0.2,1
1791590400095.0,96896322706220,95,-0.001,0.0004,0.2,1
1791590400096.0,96896323706220,96,-0.000951056516295154,0.0004,0.2,1
1791590400097.0,96896324706220,97,-0.0008090169943749472,0.0004,0.2,1
1791590400097.9998,96896325706220,98,-0.0005877852522924742,0.0004,0.2,1
1791590400099.0,96896326706220,99,-0.0003090169943749469,0.0004,0.2,1
1791590400100.0,96896327706220,100,-1.2246467991473532e-18,0.0004,0.2,1
1791590400101.0,96896328706220,101,0.00030901699437494795,0.0004,0.2,1
1791590400102.0002,96896329706220,102,0.0005877852522924693,0.0004,0.2,1
1791590400103.0,96896330706220,103,0.0008090169943749457,0.0004,0.2,1
1791590400104.0,96896331706220,104,0.0009510565162951533,0.0004,0.2,1
1791590400105.0,96896332706220,105,0.001,0.0004,0.2,1
1791590400105.9998,96896333706220,106,0.0009510565162951551,0.0004,0.2,1
1791590400107.0,96896334706220,107,0.000809016994374945,0.0004,0.2,1
1791590400108.0,96896335706220,108,0.0005877852522924743,0.0004,0.2,1
1791590400109.0,96896336706220,109,0.00030901699437494703,0.0004,0.2,1
1791590400110.0002,96896337706220,110,4.899825157862589e-18,0.0004,0.2,1
1791590400111.0,96896338706220,111,-0.0003090169943749445,0.0004,0.2,1
1791590400112.0,96896339706220,112,-0.000587785252292472,0.0004,0.2,1
1791590400113.0,96896340706220,113,-0.0008090169943749477,0.0004,0.2,1
1791590400113.9998,96896341706220,114,-0.0009510565162951542,0.0004,0.2,1
1791590400115.0,96896342706220,115,-0.001,0.0004,0.2,1
1791590400116.0,96896343706220,116,-0.0009510565162951519,0.0004,0.2,1
1791590400117.0,96896344706220,117,-0.0008090169943749473,0.0004,0.2,1
1791590400118.0002,96896345706220,118,-0.0005877852522924771,0.0004,0.2,1
1791590400119.0,96896346706220,119,-0.0003090169943749505,0.0004,0.2,1
1791590400120.0,96896347706220,120,-1.4695761589768239e-18,0.0004,0.2,1
1791590400121.0,96896348706220,121,0.00030901699437494774,0.0004,0.2,1
1791590400121.9998,96896349706220,122,0.000587785252292469,0.0004,0.2,1
1791590400123.0,96896350706220,123,0.0008090169943749454,0.0004,0.2,1
1791590400124.0,96896351706220,124,0.0009510565162951532,0.0004,0.2,1
1791590400125.0,96896352706220,125,0.001,0.0004,0.2,1
1791590400126.0002,96896353706220,126,0.000951056516295153,0.0004,0.2,1
1791590400127.0,96896354706220,127,0.0008090169943749493,0.0004,0.2,1
1791590400128.0,96896355706220,128,0.0005877852522924744,0.0004,0.2,1
1791590400129.0,96896356706220,129,0.00030901699437494725,0.0004,0.2,1
1791590400129.9998,96896357706220,130,-1.9606728399089415e-18,0.0004,0.2,1
1791590400131.0,96896358706220,131,-0.0003090169943749442,0.0004,0.2,1
1791590400132.0,96896359706220,132,-0.0005877852522924718,0.0004,0.2,1
1791590400133.0,96896360706220,133,-0.0008090169943749476,0.0004,0.2,1
1791590400134.0002,96896361706220,134,-0.0009510565162951542,0.0004,0.2,1
1791590400135.0,96896362706220,135,-0.001,0.0004,0.2,1
1791590400136.0,96896363706220,136,-0.0009510565162951541,0.0004,0.2,1
1791590400137.0,96896364706220,137,-0.0008090169943749474,0.0004,0.2,1
1791590400137.9998,96896365706220,138,-0.0005877852522924716,0.0004,0.2,1
1791590400139.0,96896366706220,139,-0.00030901699437494394,0.0004,0.2,1
1791590400140.0,96896367706220,140,5.3909218387947075e-18,0.0004,0.2,1
1791590400141.0,96896368706220,141,0.00030901699437494074,0.0004,0.2,1
1791590400142.0002,96896369706220,142,0.0005877852522924688,0.0004,0.2,1
1791590400143.0,96896370706220,143,0.0008090169943749453,0.0004,0.2,1
1791590400144.0,96896371706220,144,0.0009510565162951509,0.0004,0.2,1
1791590400145.0,96896372706220,145,0.001,0.0004,0.2,1
1791590400145.9998,96896373706220,146,0.0009510565162951552,0.0004,0.2,1
1791590400147.0,96896374706220,147,0.0008090169943749495,0.0004,0.2,1
1791590400148.0,96896375706220,148,0.0005877852522924746,0.0004,0.2,1
1791590400149.0,96896376706220,149,0.00030901699437495424,0.0004,0.2,1
1791590400150.0002,96896377706220,150,5.3896838775215306e-18,0.0004,0.2,1
1791590400151.0,96896378706220,151,-0.00030901699437494394,0.0004,0.2,1
1791590400152.0,96896379706220,152,-0.0005877852522924716,0.0004,0.2,1
1791590400153.0,96896380706220,153,-0.0008090169943749432,0.0004,0.2,1
1791590400153.9998,96896381706220,154,-0.0009510565162951519,0.0004,0.2,1
1791590400155.0,96896382706220,155,-0.001,0.0004,0.2,1
1791590400156.0,96896383706220,156,-0.0009510565162951542,0.0004,0.2,1
1791590400157.0,96896384706220,157,-0.0008090169943749476,0.0004,0.2,1
1791590400158.0002,96896385706220,158,-0.0005877852522924776,0.0004,0.2,1
1791590400159.0,96896386706220,159,-0.00030901699437495093,0.0004,0.2,1
1791590400160.0,96896387706220,160,5.145992478965237e-18,0.0004,0.2,1
1791590400161.0,96896388706220,161,0.00030901699437494047,0.0004,0.2,1
1791590400161.9998,96896389706220,162,0.0005877852522924687,0.0004,0.2,1
1791590400163.0,96896390706220,163,0.0008090169943749452,0.0004,0.2,1
1791590400164.0,96896391706220,164,0.0009510565162951552,0.0004,0.2,1
1791590400165.0,96896392706220,165,0.001,0.0004,0.2,1
1791590400166.0002,96896393706220,166,0.0009510565162951553,0.0004,0.2,1
1791590400167.0,96896394706220,167,0.0008090169943749496,0.0004,0.2,1
1791590400168.0,96896395706220,168,0.0005877852522924748,0.0004,0.2,1
1791590400169.0,96896396706220,169,0.00030901699437494096,0.0004,0.2,1
1791590400169.9998,96896397706220,170,-8.576241477851003e-18,0.0004,0.2,1
1791590400171.0,96896398706220,171,-0.0003090169943749437,0.0004,0.2,1
1791590400172.0,96896399706220,172,-0.0005877852522924657,0.0004,0.2,1
1791590400173.0,96896400706220,173,-0.000809016994374943,0.0004,0.2,1
1791590400174.0002,96896401706220,174,-0.0009510565162951519,0.0004,0.2,1
1791590400175.0,96896402706220,175,-0.001,0.0004,0.2,1
1791590400176.0,96896403706220,176,-0.0009510565162951564,0.0004,0.2,1
1791590400177.0,96896404706220,177,-0.0008090169943749518,0.0004,0.2,1
1791590400177.9998,96896405706220,178,-0.0005877852522924778,0.0004,0.2,1
1791590400179.0,96896406706220,179,-0.0003090169943749512,0.0004,0.2,1
1791590400180.0,96896407706220,180,-2.204364238465236e-18,0.0004,0.2,1
1791590400181.0,96896408706220,181,0.00030901699437494026,0.0004,0.2,1
1791590400182.0002,96896409706220,182,0.0005877852522924684,0.0004,0.2,1
1791590400183.0,96896410706220,183,0.000809016994374945,0.0004,0.2,1
1791590400184.0,96896411706220,184,0.0009510565162951529,0.0004,0.2,1
1791590400185.0,96896412706220,185,0.001,0.0004,0.2,1
1791590400185.9998,96896413706220,186,0.0009510565162951554,0.0004,0.2,1
1791590400187.0,96896414706220,187,0.0008090169943749498,0.0004,0.2,1
1791590400188.0,96896415706220,188,0.0005877852522924751,0.0004,0.2,1
1791590400189.0,96896416706220,189,0.00030901699437494795,0.0004,0.2,1
1791590400190.0002,96896417706220,190,5.879542597180472e-18,0.0004,0.2,1
1791590400191.0,96896418706220,191,-0.0003090169943749435,0.0004,0.2,1
1791590400192.0,96896419706220,192,-0.0005877852522924713,0.0004,0.2,1
1791590400193.0,96896420706220,193,-0.0008090169943749472,0.0004,0.2,1
1791590400193.9998,96896421706220,194,-0.000951056516295154,0.0004,0.2,1
1791590400195.0,96896422706220,195,-0.001,0.0004,0.2,1
1791590400196.0,96896423706220,196,-0.0009510565162951543,0.0004,0.2,1
1791590400197.0,96896424706220,197,-0.0008090169943749478,0.0004,0.2,1
1791590400198.0002,96896425706220,198,-0.0005877852522924722,0.0004,0.2,1
1791590400199.0,96896426706220,199,-0.0003090169943749447,0.0004,0.2,1
1791590400200.0,96896427706220,200,-2.4492935982947064e-18,0.0004,0.2,1
1791590400201.0,96896428706220,201,0.0003090169943749468,0.0004,0.2,1
1791590400201.9998,96896429706220,202,0.0005877852522924741,0.0004,0.2,1
1791590400203.0,96896430706220,203,0.0008090169943749491,0.0004,0.2,1
1791590400204.0,96896431706220,204,0.0009510565162951507,0.0004,0.2,1
1791590400205.0,96896432706220,205,0.001,0.0004,0.2,1
1791590400206.0002,96896433706220,206,0.0009510565162951554,0.0004,0.2,1
1791590400207.0,96896434706220,207,0.00080901699437495,0.0004,0.2,1
1791590400208.0,96896435706220,208,0.0005877852522924752,0.0004,0.2,1
1791590400209.0,96896436706220,209,0.00030901699437494817,0.0004,0.2,1
1791590400209.9998,96896437706220,210,1.3229899314610944e-17,0.0004,0.2,1
1791590400211.0,96896438706220,211,-0.0003090169943749365,0.0004,0.2,1
1791590400212.0,96896439706220,212,-0.0005877852522924653,0.0004,0.2,1
1791590400213.0,96896440706220,213,-0.0008090169943749428,0.0004,0.2,1
1791590400214.0002,96896441706220,214,-0.0009510565162951561,0.0004,0.2,1
1791590400215.0,96896442706220,215,-0.001,0.0004,0.2,1
1791590400216.0,96896443706220,216,-0.0009510565162951545,0.0004,0.2,1
1791590400217.0,96896444706220,217,-0.0008090169943749479,0.0004,0.2,1
1791590400217.9998,96896445706220,218,-0.0005877852522924724,0.0004,0.2,1
1791590400219.0,96896446706220,219,-0.00030901699437495847,0.0004,0.2,1
1791590400220.0,96896447706220,220,-9.799650315725178e-18,0.0004,0.2,1
1791590400221.0,96896448706220,221,0.0003090169943749398,0.0004,0.2,1
1791590400222.0002,96896449706220,222,0.000587785252292468,0.0004,0.2,1
1791590400223.0,96896450706220,223,0.0008090169943749531,0.0004,0.2,1
1791590400224.0,96896451706220,224,0.0009510565162951528,0.0004,0.2,1
1791590400225.0,96896452706220,225,0.001,0.0004,0.2,1
1791590400225.9998,96896453706220,226,0.0009510565162951534,0.0004,0.2,1
1791590400227.0,96896454706220,227,0.000809016994374946,0.0004,0.2,1
1791590400228.0,96896455706220,228,0.0005877852522924696,0.0004,0.2,1
1791590400229.0,96896456706220,229,0.00030901699437495516,0.0004,0.2,1
1791590400230.0002,96896457706220,230,6.369401316839413e-18,0.0004,0.2,1
1791590400231.0,96896458706220,231,-0.0003090169943749431,0.0004,0.2,1
1791590400232.0,96896459706220,232,-0.0005877852522924823,0.0004,0.2,1
1791590400233.0,96896460706220,233,-0.0008090169943749468,0.0004,0.2,1
1791590400233.9998,96896461706220,234,-0.0009510565162951538,0.0004,0.2,1
1791590400235.0,96896462706220,235,-0.001,0.0004,0.2,1
1791590400236.0,96896463706220,236,-0.0009510565162951566,0.0004,0.2,1
1791590400237.0,96896464706220,237,-0.0008090169943749522,0.0004,0.2,1
1791590400238.0002,96896465706220,238,-0.0005877852522924783,0.0004,0.2,1
1791590400239.0,96896466706220,239,-0.0003090169943749519,0.0004,0.2,1
1791590400240.0,96896467706220,240,-2.9391523179536477e-18,0.0004,0.2,1
1791590400241.0,96896468706220,241,0.00030901699437494627,0.0004,0.2,1
1791590400241.9998,96896469706220,242,0.0005877852522924735,0.0004,0.2,1
1791590400243.0,96896470706220,243,0.0008090169943749488,0.0004,0.2,1
1791590400244.0,96896471706220,244,0.0009510565162951504,0.0004,0.2,1
1791590400245.0,96896472706220,245,0.001,0.0004,0.2,1
1791590400246.0002,96896473706220,246,0.0009510565162951556,0.0004,0.2,1
1791590400247.0,96896474706220,247,0.0008090169943749503,0.0004,0.2,1
1791590400248.0,96896475706220,248,0.0005877852522924756,0.0004,0.2,1
1791590400249.0,96896476706220,249,0.0003090169943749486,0.0004,0.2,1
1791590400249.9998,96896477706220,250,-4.91096680932118e-19,0.0004,0.2,1
1791590400251.0,96896478706220,251,-0.0003090169943749496,0.0004,0.2,1
1791590400252.0,96896479706220,252,-0.0005877852522924764,0.0004,0.2,1
1791590400253.0,96896480706220,253,-0.0008090169943749425,0.0004,0.2,1
1791590400254.0002,96896481706220,254,-0.0009510565162951515,0.0004,0.2,1
1791590400255.0,96896482706220,255,-0.001,0.0004,0.2,1
1791590400256.0,96896483706220,256,-0.0009510565162951546,0.0004,0.2,1
1791590400257.0,96896484706220,257,-0.0008090169943749482,0.0004,0.2,1
1791590400257.9998,96896485706220,258,-0.0005877852522924728,0.0004,0.2,1
1791590400259.0,96896486706220,259,-0.0003090169943749454,0.0004,0.2,1
1791590400260.0,96896487706220,260,3.921345679817883e-18,0.0004,0.2,1
1791590400261.0,96896488706220,261,0.00030901699437495283,0.0004,0.2,1
1791590400262.0002,96896489706220,262,0.0005877852522924677,0.0004,0.2,1
1791590400263.0,96896490706220,263,0.0008090169943749444,0.0004,0.2,1
1791590400264.0,96896491706220,264,0.0009510565162951525,0.0004,0.2,1
1791590400265.0,96896492706220,265,0.001,0.0004,0.2,1
1791590400265.9998,96896493706220,266,0.0009510565162951536,0.0004,0.2,1
1791590400267.0,96896494706220,267,0.0008090169943749463,0.0004,0.2,1
1791590400268.0,96896495706220,268,0.0005877852522924701,0.0004,0.2,1
1791590400269.0,96896496706220,269,0.00030901699437494215,0.0004,0.2,1
1791590400270.0002,96896497706220,270,-7.351594678703649e-18,0.0004,0.2,1
1791590400271.0,96896498706220,271,-0.0003090169943749426,0.0004,0.2,1
1791590400272.0,96896499706220,272,-0.0005877852522924705,0.0004,0.2,1
1791590400273.0,96896500706220,273,-0.0008090169943749465,0.0004,0.2,1
1791590400273.9998,96896501706220,274,-0.0009510565162951537,0.0004,0.2,1
1791590400275.0,96896502706220,275,-0.001,0.0004,0.2,1
1791590400276.0,96896503706220,276,-0.0009510565162951524,0.0004,0.2,1
1791590400277.0,96896504706220,277,-0.0008090169943749442,0.0004,0.2,1
1791590400278.0002,96896505706220,278,-0.0005877852522924673,0.0004,0.2,1
1791590400279.0,96896506706220,279,-0.00030901699437493885,0.0004,0.2,1
1791590400280.0,96896507706220,280,1.0781843677589415e-17,0.0004,0.2,1
1791590400281.0,96896508706220,281,0.00030901699437494584,0.0004,0.2,1
1791590400281.9998,96896509706220,282,0.0005877852522924617,0.0004,0.2,1
1791590400283.0,96896510706220,283,0.0008090169943749401,0.0004,0.2,1
1791590400284.0,96896511706220,284,0.0009510565162951503,0.0004,0.2,1
1791590400285.0,96896512706220,285,0.001,0.0004,0.2,1
1791590400286.0002,96896513706220,286,0.0009510565162951558,0.0004,0.2,1
1791590400287.0,96896514706220,287,0.0008090169943749589,0.0004,0.2,1
1791590400288.0,96896515706220,288,0.0005877852522924874,0.0004,0.2,1
1791590400289.0,96896516706220,289,0.0003090169943749626,0.0004,0.2,1
1791590400289.9998,96896517706220,290,1.4209616753928826e-17,0.0004,0.2,1
1791590400291.0,96896518706220,291,-0.0003090169943749356,0.0004,0.2,1
1791590400292.0,96896519706220,292,-0.0005877852522924644,0.0004,0.2,1
1791590400293.0,96896520706220,293,-0.0008090169943749423,0.0004,0.2,1
1791590400294.0002,96896521706220,294,-0.0009510565162951513,0.0004,0.2,1
1791590400295.0,96896522706220,295,-0.001,0.0004,0.2,1
1791590400296.0,96896523706220,296,-0.0009510565162951547,0.0004,0.2,1
1791590400297.0,96896524706220,297,-0.0008090169943749569,0.0004,0.2,1
1791590400297.9998,96896525706220,298,-0.0005877852522924847,0.0004,0.2,1
1791590400299.0,96896526706220,299,-0.00030901699437495934,0.0004,0.2,1
1791590400300.0,96896527706220,300,-1.0779367755043061e-17,0.0004,0.2,1
